total_time_min,total_co2_kg,total_evals,pareto_size
483.89524594545367,0.07508659963499188,900,7
