layers,lr,batch,val_acc,error,time_s,co2_kg
"(32, 32)",0.01,256,0.8117283950617284,0.18827160493827155,0.22457385063171387,1.8398090751377313e-06
"(256, 256)",0.0005,64,0.8189300411522634,0.18106995884773658,11.90139389038086,2.157571629970636e-05
"(32,)",0.01,256,0.7860082304526749,0.21399176954732513,0.14469671249389648,1.7300301071701018e-06
