total_time_min,total_co2_kg,total_evals,pareto_size
52.64602358341217,0.004844229466569008,100,3
