total_time_min,total_co2_kg,total_evals,pareto_size
501.42011651595436,0.042825428707615944,900,12
