total_time_min,total_co2_kg,total_evals,pareto_size
57.83689467112223,0.0048609580456175465,100,3
