total_time_min,total_co2_kg,total_evals,pareto_size
421.32590907414755,0.03509436651701604,900,14
