total_time_min,total_co2_kg,total_evals,pareto_size
40.71773250897726,0.003339884521978515,100,3
