layers,lr,batch,val_acc,error,time_s,co2_kg
"(32, 32)",0.01,256,0.8117283950617284,0.18827160493827155,0.19060921669006348,2.987612407227069e-06
"(256, 256)",0.0005,64,0.8189300411522634,0.18106995884773658,6.472980976104736,1.3646178266348765e-05
"(32,)",0.01,256,0.7860082304526749,0.21399176954732513,0.1137237548828125,2.879441744268549e-06
