total_time_min,total_co2_kg,total_evals,pareto_size
366.3193242708842,0.03021518778176646,900,11
