total_time_min,total_co2_kg,total_evals,pareto_size
42.846451830863955,0.0035780868391909358,100,5
