total_time_min,total_co2_kg,total_evals,pareto_size
447.09612058003745,0.037465826854847964,900,12
