total_time_min,total_co2_kg,total_evals,pareto_size
56.452531258265175,0.004752170612480917,100,4
